<?xml version="1.0" encoding="UTF-8"?>
<export version="D">
  <design>
    <source>/mnt/HDD/Backups/Documents/Projects/bakeneko40/pcb/qfp/bakeneko40.sch</source>
    <date>Mon 28 Jun 2021 10:13:06 PM KST</date>
    <tool>Eeschema 5.1.10</tool>
    <sheet number="1" name="/" tstamps="/">
      <title_block>
        <title/>
        <company/>
        <rev/>
        <date/>
        <source>bakeneko40.sch</source>
        <comment number="1" value=""/>
        <comment number="2" value=""/>
        <comment number="3" value=""/>
        <comment number="4" value=""/>
      </title_block>
    </sheet>
  </design>
  <components>
    <comp ref="R2">
      <value>22</value>
      <footprint>Resistor_SMD:R_0805_2012Metric</footprint>
      <datasheet>~</datasheet>
      <libsource lib="Device" part="R_Small" description="Resistor, small symbol"/>
      <sheetpath names="/" tstamps="/"/>
      <tstamp>60C6F682</tstamp>
    </comp>
    <comp ref="R3">
      <value>22</value>
      <footprint>Resistor_SMD:R_0805_2012Metric</footprint>
      <datasheet>~</datasheet>
      <libsource lib="Device" part="R_Small" description="Resistor, small symbol"/>
      <sheetpath names="/" tstamps="/"/>
      <tstamp>60C701C6</tstamp>
    </comp>
    <comp ref="C1">
      <value>1uF</value>
      <footprint>Capacitor_SMD:C_0805_2012Metric</footprint>
      <datasheet>~</datasheet>
      <libsource lib="Device" part="C_Small" description="Unpolarized capacitor, small symbol"/>
      <sheetpath names="/" tstamps="/"/>
      <tstamp>60C730D2</tstamp>
    </comp>
    <comp ref="C2">
      <value>0.1uF</value>
      <footprint>Capacitor_SMD:C_0805_2012Metric</footprint>
      <datasheet>~</datasheet>
      <libsource lib="Device" part="C_Small" description="Unpolarized capacitor, small symbol"/>
      <sheetpath names="/" tstamps="/"/>
      <tstamp>60C758A2</tstamp>
    </comp>
    <comp ref="C3">
      <value>0.1uF</value>
      <footprint>Capacitor_SMD:C_0805_2012Metric</footprint>
      <datasheet>~</datasheet>
      <libsource lib="Device" part="C_Small" description="Unpolarized capacitor, small symbol"/>
      <sheetpath names="/" tstamps="/"/>
      <tstamp>60C76852</tstamp>
    </comp>
    <comp ref="C4">
      <value>0.1uF</value>
      <footprint>Capacitor_SMD:C_0805_2012Metric</footprint>
      <datasheet>~</datasheet>
      <libsource lib="Device" part="C_Small" description="Unpolarized capacitor, small symbol"/>
      <sheetpath names="/" tstamps="/"/>
      <tstamp>60C76DC0</tstamp>
    </comp>
    <comp ref="C5">
      <value>10uF</value>
      <footprint>Capacitor_SMD:C_0805_2012Metric</footprint>
      <datasheet>~</datasheet>
      <libsource lib="Device" part="C_Small" description="Unpolarized capacitor, small symbol"/>
      <sheetpath names="/" tstamps="/"/>
      <tstamp>60C77304</tstamp>
    </comp>
    <comp ref="Y1">
      <value>16MHz</value>
      <footprint>Crystal:Crystal_SMD_3225-4Pin_3.2x2.5mm</footprint>
      <datasheet>~</datasheet>
      <libsource lib="Device" part="Crystal_GND24_Small" description="Four pin crystal, GND on pins 2 and 4, small symbol"/>
      <sheetpath names="/" tstamps="/"/>
      <tstamp>60C7B44C</tstamp>
    </comp>
    <comp ref="C6">
      <value>22pF</value>
      <footprint>Capacitor_SMD:C_0805_2012Metric</footprint>
      <datasheet>~</datasheet>
      <libsource lib="Device" part="C_Small" description="Unpolarized capacitor, small symbol"/>
      <sheetpath names="/" tstamps="/"/>
      <tstamp>60C7E5C1</tstamp>
    </comp>
    <comp ref="C7">
      <value>22pF</value>
      <footprint>Capacitor_SMD:C_0805_2012Metric</footprint>
      <datasheet>~</datasheet>
      <libsource lib="Device" part="C_Small" description="Unpolarized capacitor, small symbol"/>
      <sheetpath names="/" tstamps="/"/>
      <tstamp>60C7F42B</tstamp>
    </comp>
    <comp ref="SW1">
      <value>SW_Push</value>
      <footprint>random-keyboard-parts:SKQG-1155865</footprint>
      <datasheet>~</datasheet>
      <libsource lib="Switch" part="SW_Push" description="Push button switch, generic, two pins"/>
      <sheetpath names="/" tstamps="/"/>
      <tstamp>60C85694</tstamp>
    </comp>
    <comp ref="R4">
      <value>10k</value>
      <footprint>Resistor_SMD:R_0805_2012Metric</footprint>
      <datasheet>~</datasheet>
      <libsource lib="Device" part="R_Small" description="Resistor, small symbol"/>
      <sheetpath names="/" tstamps="/"/>
      <tstamp>60C88B42</tstamp>
    </comp>
    <comp ref="J1">
      <value>JST SH 4-pin</value>
      <footprint>random-keyboard-parts:JST-SR-4</footprint>
      <datasheet>~</datasheet>
      <libsource lib="Connector_Generic" part="Conn_01x04" description="Generic connector, single row, 01x04, script generated (kicad-library-utils/schlib/autogen/connector/)"/>
      <sheetpath names="/" tstamps="/"/>
      <tstamp>60C9342A</tstamp>
    </comp>
    <comp ref="MX15">
      <value>MX-NoLED</value>
      <footprint>MX_Only:MXOnly-1.25U-NoLED</footprint>
      <libsource lib="MX_Alps_Hybrid" part="MX-NoLED" description=""/>
      <sheetpath names="/" tstamps="/"/>
      <tstamp>60D7085B</tstamp>
    </comp>
    <comp ref="D15">
      <value>SOD-123</value>
      <footprint>Diode_SMD:D_SOD-123</footprint>
      <datasheet>~</datasheet>
      <libsource lib="Device" part="D_Small" description="Diode, small symbol"/>
      <sheetpath names="/" tstamps="/"/>
      <tstamp>60D70861</tstamp>
    </comp>
    <comp ref="MX16">
      <value>MX-NoLED</value>
      <footprint>MX_Only:MXOnly-1U-NoLED</footprint>
      <libsource lib="MX_Alps_Hybrid" part="MX-NoLED" description=""/>
      <sheetpath names="/" tstamps="/"/>
      <tstamp>60D70868</tstamp>
    </comp>
    <comp ref="D16">
      <value>SOD-123</value>
      <footprint>Diode_SMD:D_SOD-123</footprint>
      <datasheet>~</datasheet>
      <libsource lib="Device" part="D_Small" description="Diode, small symbol"/>
      <sheetpath names="/" tstamps="/"/>
      <tstamp>60D7086E</tstamp>
    </comp>
    <comp ref="MX17">
      <value>MX-NoLED</value>
      <footprint>MX_Only:MXOnly-1U-NoLED</footprint>
      <libsource lib="MX_Alps_Hybrid" part="MX-NoLED" description=""/>
      <sheetpath names="/" tstamps="/"/>
      <tstamp>60D70875</tstamp>
    </comp>
    <comp ref="D17">
      <value>SOD-123</value>
      <footprint>Diode_SMD:D_SOD-123</footprint>
      <datasheet>~</datasheet>
      <libsource lib="Device" part="D_Small" description="Diode, small symbol"/>
      <sheetpath names="/" tstamps="/"/>
      <tstamp>60D7087B</tstamp>
    </comp>
    <comp ref="MX18">
      <value>MX-NoLED</value>
      <footprint>MX_Only:MXOnly-1U-NoLED</footprint>
      <libsource lib="MX_Alps_Hybrid" part="MX-NoLED" description=""/>
      <sheetpath names="/" tstamps="/"/>
      <tstamp>60D70882</tstamp>
    </comp>
    <comp ref="D18">
      <value>SOD-123</value>
      <footprint>Diode_SMD:D_SOD-123</footprint>
      <datasheet>~</datasheet>
      <libsource lib="Device" part="D_Small" description="Diode, small symbol"/>
      <sheetpath names="/" tstamps="/"/>
      <tstamp>60D70888</tstamp>
    </comp>
    <comp ref="MX19">
      <value>MX-NoLED</value>
      <footprint>MX_Only:MXOnly-1U-NoLED</footprint>
      <libsource lib="MX_Alps_Hybrid" part="MX-NoLED" description=""/>
      <sheetpath names="/" tstamps="/"/>
      <tstamp>60D7088F</tstamp>
    </comp>
    <comp ref="D19">
      <value>SOD-123</value>
      <footprint>Diode_SMD:D_SOD-123</footprint>
      <datasheet>~</datasheet>
      <libsource lib="Device" part="D_Small" description="Diode, small symbol"/>
      <sheetpath names="/" tstamps="/"/>
      <tstamp>60D70895</tstamp>
    </comp>
    <comp ref="MX20">
      <value>MX-NoLED</value>
      <footprint>MX_Only:MXOnly-1U-NoLED</footprint>
      <libsource lib="MX_Alps_Hybrid" part="MX-NoLED" description=""/>
      <sheetpath names="/" tstamps="/"/>
      <tstamp>60D7089C</tstamp>
    </comp>
    <comp ref="D20">
      <value>SOD-123</value>
      <footprint>Diode_SMD:D_SOD-123</footprint>
      <datasheet>~</datasheet>
      <libsource lib="Device" part="D_Small" description="Diode, small symbol"/>
      <sheetpath names="/" tstamps="/"/>
      <tstamp>60D708A2</tstamp>
    </comp>
    <comp ref="MX21">
      <value>MX-NoLED</value>
      <footprint>MX_Only:MXOnly-1U-NoLED</footprint>
      <libsource lib="MX_Alps_Hybrid" part="MX-NoLED" description=""/>
      <sheetpath names="/" tstamps="/"/>
      <tstamp>60D708A9</tstamp>
    </comp>
    <comp ref="D21">
      <value>SOD-123</value>
      <footprint>Diode_SMD:D_SOD-123</footprint>
      <datasheet>~</datasheet>
      <libsource lib="Device" part="D_Small" description="Diode, small symbol"/>
      <sheetpath names="/" tstamps="/"/>
      <tstamp>60D708AF</tstamp>
    </comp>
    <comp ref="MX22">
      <value>MX-NoLED</value>
      <footprint>MX_Only:MXOnly-1U-NoLED</footprint>
      <libsource lib="MX_Alps_Hybrid" part="MX-NoLED" description=""/>
      <sheetpath names="/" tstamps="/"/>
      <tstamp>60D708B6</tstamp>
    </comp>
    <comp ref="D22">
      <value>SOD-123</value>
      <footprint>Diode_SMD:D_SOD-123</footprint>
      <datasheet>~</datasheet>
      <libsource lib="Device" part="D_Small" description="Diode, small symbol"/>
      <sheetpath names="/" tstamps="/"/>
      <tstamp>60D708BC</tstamp>
    </comp>
    <comp ref="MX23">
      <value>MX-NoLED</value>
      <footprint>MX_Only:MXOnly-1U-NoLED</footprint>
      <libsource lib="MX_Alps_Hybrid" part="MX-NoLED" description=""/>
      <sheetpath names="/" tstamps="/"/>
      <tstamp>60D708C3</tstamp>
    </comp>
    <comp ref="D23">
      <value>SOD-123</value>
      <footprint>Diode_SMD:D_SOD-123</footprint>
      <datasheet>~</datasheet>
      <libsource lib="Device" part="D_Small" description="Diode, small symbol"/>
      <sheetpath names="/" tstamps="/"/>
      <tstamp>60D708C9</tstamp>
    </comp>
    <comp ref="MX24">
      <value>MX-NoLED</value>
      <footprint>MX_Only:MXOnly-1U-NoLED</footprint>
      <libsource lib="MX_Alps_Hybrid" part="MX-NoLED" description=""/>
      <sheetpath names="/" tstamps="/"/>
      <tstamp>60D708D0</tstamp>
    </comp>
    <comp ref="D24">
      <value>SOD-123</value>
      <footprint>Diode_SMD:D_SOD-123</footprint>
      <datasheet>~</datasheet>
      <libsource lib="Device" part="D_Small" description="Diode, small symbol"/>
      <sheetpath names="/" tstamps="/"/>
      <tstamp>60D708D6</tstamp>
    </comp>
    <comp ref="MX25">
      <value>MX-NoLED</value>
      <footprint>MX_Only:MXOnly-1U-NoLED</footprint>
      <libsource lib="MX_Alps_Hybrid" part="MX-NoLED" description=""/>
      <sheetpath names="/" tstamps="/"/>
      <tstamp>60D708DD</tstamp>
    </comp>
    <comp ref="D25">
      <value>SOD-123</value>
      <footprint>Diode_SMD:D_SOD-123</footprint>
      <datasheet>~</datasheet>
      <libsource lib="Device" part="D_Small" description="Diode, small symbol"/>
      <sheetpath names="/" tstamps="/"/>
      <tstamp>60D708E3</tstamp>
    </comp>
    <comp ref="MX26">
      <value>MX-NoLED</value>
      <footprint>MX_Only:MXOnly-1U-NoLED</footprint>
      <libsource lib="MX_Alps_Hybrid" part="MX-NoLED" description=""/>
      <sheetpath names="/" tstamps="/"/>
      <tstamp>60D708EA</tstamp>
    </comp>
    <comp ref="D26">
      <value>SOD-123</value>
      <footprint>Diode_SMD:D_SOD-123</footprint>
      <datasheet>~</datasheet>
      <libsource lib="Device" part="D_Small" description="Diode, small symbol"/>
      <sheetpath names="/" tstamps="/"/>
      <tstamp>60D708F0</tstamp>
    </comp>
    <comp ref="MX27">
      <value>MX-NoLED</value>
      <footprint>MX_Only:MXOnly-1.75U-NoLED</footprint>
      <libsource lib="MX_Alps_Hybrid" part="MX-NoLED" description=""/>
      <sheetpath names="/" tstamps="/"/>
      <tstamp>60D708F7</tstamp>
    </comp>
    <comp ref="MX28">
      <value>MX-NoLED</value>
      <footprint>MX_Only:MXOnly-1.75U-NoLED</footprint>
      <libsource lib="MX_Alps_Hybrid" part="MX-NoLED" description=""/>
      <sheetpath names="/" tstamps="/"/>
      <tstamp>60D83B15</tstamp>
    </comp>
    <comp ref="D28">
      <value>SOD-123</value>
      <footprint>Diode_SMD:D_SOD-123</footprint>
      <datasheet>~</datasheet>
      <libsource lib="Device" part="D_Small" description="Diode, small symbol"/>
      <sheetpath names="/" tstamps="/"/>
      <tstamp>60D83B1B</tstamp>
    </comp>
    <comp ref="MX29">
      <value>MX-NoLED</value>
      <footprint>MX_Only:MXOnly-1U-NoLED</footprint>
      <libsource lib="MX_Alps_Hybrid" part="MX-NoLED" description=""/>
      <sheetpath names="/" tstamps="/"/>
      <tstamp>60D83B22</tstamp>
    </comp>
    <comp ref="D29">
      <value>SOD-123</value>
      <footprint>Diode_SMD:D_SOD-123</footprint>
      <datasheet>~</datasheet>
      <libsource lib="Device" part="D_Small" description="Diode, small symbol"/>
      <sheetpath names="/" tstamps="/"/>
      <tstamp>60D83B28</tstamp>
    </comp>
    <comp ref="MX30">
      <value>MX-NoLED</value>
      <footprint>MX_Only:MXOnly-1U-NoLED</footprint>
      <libsource lib="MX_Alps_Hybrid" part="MX-NoLED" description=""/>
      <sheetpath names="/" tstamps="/"/>
      <tstamp>60D83B2F</tstamp>
    </comp>
    <comp ref="D30">
      <value>SOD-123</value>
      <footprint>Diode_SMD:D_SOD-123</footprint>
      <datasheet>~</datasheet>
      <libsource lib="Device" part="D_Small" description="Diode, small symbol"/>
      <sheetpath names="/" tstamps="/"/>
      <tstamp>60D83B35</tstamp>
    </comp>
    <comp ref="MX31">
      <value>MX-NoLED</value>
      <footprint>MX_Only:MXOnly-1U-NoLED</footprint>
      <libsource lib="MX_Alps_Hybrid" part="MX-NoLED" description=""/>
      <sheetpath names="/" tstamps="/"/>
      <tstamp>60D83B3C</tstamp>
    </comp>
    <comp ref="D31">
      <value>SOD-123</value>
      <footprint>Diode_SMD:D_SOD-123</footprint>
      <datasheet>~</datasheet>
      <libsource lib="Device" part="D_Small" description="Diode, small symbol"/>
      <sheetpath names="/" tstamps="/"/>
      <tstamp>60D83B42</tstamp>
    </comp>
    <comp ref="MX32">
      <value>MX-NoLED</value>
      <footprint>MX_Only:MXOnly-1U-NoLED</footprint>
      <libsource lib="MX_Alps_Hybrid" part="MX-NoLED" description=""/>
      <sheetpath names="/" tstamps="/"/>
      <tstamp>60D83B49</tstamp>
    </comp>
    <comp ref="D32">
      <value>SOD-123</value>
      <footprint>Diode_SMD:D_SOD-123</footprint>
      <datasheet>~</datasheet>
      <libsource lib="Device" part="D_Small" description="Diode, small symbol"/>
      <sheetpath names="/" tstamps="/"/>
      <tstamp>60D83B4F</tstamp>
    </comp>
    <comp ref="MX33">
      <value>MX-NoLED</value>
      <footprint>MX_Only:MXOnly-1U-NoLED</footprint>
      <libsource lib="MX_Alps_Hybrid" part="MX-NoLED" description=""/>
      <sheetpath names="/" tstamps="/"/>
      <tstamp>60D83B56</tstamp>
    </comp>
    <comp ref="D33">
      <value>SOD-123</value>
      <footprint>Diode_SMD:D_SOD-123</footprint>
      <datasheet>~</datasheet>
      <libsource lib="Device" part="D_Small" description="Diode, small symbol"/>
      <sheetpath names="/" tstamps="/"/>
      <tstamp>60D83B5C</tstamp>
    </comp>
    <comp ref="MX34">
      <value>MX-NoLED</value>
      <footprint>MX_Only:MXOnly-1U-NoLED</footprint>
      <libsource lib="MX_Alps_Hybrid" part="MX-NoLED" description=""/>
      <sheetpath names="/" tstamps="/"/>
      <tstamp>60D83B63</tstamp>
    </comp>
    <comp ref="D34">
      <value>SOD-123</value>
      <footprint>Diode_SMD:D_SOD-123</footprint>
      <datasheet>~</datasheet>
      <libsource lib="Device" part="D_Small" description="Diode, small symbol"/>
      <sheetpath names="/" tstamps="/"/>
      <tstamp>60D83B69</tstamp>
    </comp>
    <comp ref="MX35">
      <value>MX-NoLED</value>
      <footprint>MX_Only:MXOnly-1U-NoLED</footprint>
      <libsource lib="MX_Alps_Hybrid" part="MX-NoLED" description=""/>
      <sheetpath names="/" tstamps="/"/>
      <tstamp>60D83B70</tstamp>
    </comp>
    <comp ref="D35">
      <value>SOD-123</value>
      <footprint>Diode_SMD:D_SOD-123</footprint>
      <datasheet>~</datasheet>
      <libsource lib="Device" part="D_Small" description="Diode, small symbol"/>
      <sheetpath names="/" tstamps="/"/>
      <tstamp>60D83B76</tstamp>
    </comp>
    <comp ref="MX36">
      <value>MX-NoLED</value>
      <footprint>MX_Only:MXOnly-1U-NoLED</footprint>
      <libsource lib="MX_Alps_Hybrid" part="MX-NoLED" description=""/>
      <sheetpath names="/" tstamps="/"/>
      <tstamp>60D83B7D</tstamp>
    </comp>
    <comp ref="D36">
      <value>SOD-123</value>
      <footprint>Diode_SMD:D_SOD-123</footprint>
      <datasheet>~</datasheet>
      <libsource lib="Device" part="D_Small" description="Diode, small symbol"/>
      <sheetpath names="/" tstamps="/"/>
      <tstamp>60D83B83</tstamp>
    </comp>
    <comp ref="MX37">
      <value>MX-NoLED</value>
      <footprint>MX_Only:MXOnly-1U-NoLED</footprint>
      <libsource lib="MX_Alps_Hybrid" part="MX-NoLED" description=""/>
      <sheetpath names="/" tstamps="/"/>
      <tstamp>60D83B8A</tstamp>
    </comp>
    <comp ref="D37">
      <value>SOD-123</value>
      <footprint>Diode_SMD:D_SOD-123</footprint>
      <datasheet>~</datasheet>
      <libsource lib="Device" part="D_Small" description="Diode, small symbol"/>
      <sheetpath names="/" tstamps="/"/>
      <tstamp>60D83B90</tstamp>
    </comp>
    <comp ref="MX38">
      <value>MX-NoLED</value>
      <footprint>MX_Only:MXOnly-1U-NoLED</footprint>
      <libsource lib="MX_Alps_Hybrid" part="MX-NoLED" description=""/>
      <sheetpath names="/" tstamps="/"/>
      <tstamp>60D83B97</tstamp>
    </comp>
    <comp ref="D38">
      <value>SOD-123</value>
      <footprint>Diode_SMD:D_SOD-123</footprint>
      <datasheet>~</datasheet>
      <libsource lib="Device" part="D_Small" description="Diode, small symbol"/>
      <sheetpath names="/" tstamps="/"/>
      <tstamp>60D83B9D</tstamp>
    </comp>
    <comp ref="MX39">
      <value>MX-NoLED</value>
      <footprint>MX_Only:MXOnly-1.25U-NoLED</footprint>
      <libsource lib="MX_Alps_Hybrid" part="MX-NoLED" description=""/>
      <sheetpath names="/" tstamps="/"/>
      <tstamp>60D83BA4</tstamp>
    </comp>
    <comp ref="D39">
      <value>SOD-123</value>
      <footprint>Diode_SMD:D_SOD-123</footprint>
      <datasheet>~</datasheet>
      <libsource lib="Device" part="D_Small" description="Diode, small symbol"/>
      <sheetpath names="/" tstamps="/"/>
      <tstamp>60D83BAA</tstamp>
    </comp>
    <comp ref="MX40">
      <value>MX-NoLED</value>
      <footprint>MX_Only:MXOnly-1U-NoLED</footprint>
      <libsource lib="MX_Alps_Hybrid" part="MX-NoLED" description=""/>
      <sheetpath names="/" tstamps="/"/>
      <tstamp>60D83BB1</tstamp>
    </comp>
    <comp ref="D40">
      <value>SOD-123</value>
      <footprint>Diode_SMD:D_SOD-123</footprint>
      <datasheet>~</datasheet>
      <libsource lib="Device" part="D_Small" description="Diode, small symbol"/>
      <sheetpath names="/" tstamps="/"/>
      <tstamp>60D83BB7</tstamp>
    </comp>
    <comp ref="MX41">
      <value>MX-NoLED</value>
      <footprint>MX_Only:MXOnly-1.25U-NoLED</footprint>
      <libsource lib="MX_Alps_Hybrid" part="MX-NoLED" description=""/>
      <sheetpath names="/" tstamps="/"/>
      <tstamp>60DB0019</tstamp>
    </comp>
    <comp ref="D41">
      <value>SOD-123</value>
      <footprint>Diode_SMD:D_SOD-123</footprint>
      <datasheet>~</datasheet>
      <libsource lib="Device" part="D_Small" description="Diode, small symbol"/>
      <sheetpath names="/" tstamps="/"/>
      <tstamp>60DB001F</tstamp>
    </comp>
    <comp ref="MX42">
      <value>MX-NoLED</value>
      <footprint>MX_Only:MXOnly-1.5U-NoLED</footprint>
      <libsource lib="MX_Alps_Hybrid" part="MX-NoLED" description=""/>
      <sheetpath names="/" tstamps="/"/>
      <tstamp>60DB0026</tstamp>
    </comp>
    <comp ref="D42">
      <value>SOD-123</value>
      <footprint>Diode_SMD:D_SOD-123</footprint>
      <datasheet>~</datasheet>
      <libsource lib="Device" part="D_Small" description="Diode, small symbol"/>
      <sheetpath names="/" tstamps="/"/>
      <tstamp>60DB002C</tstamp>
    </comp>
    <comp ref="MX43">
      <value>MX-NoLED</value>
      <footprint>MX_Only:MXOnly-1.25U-NoLED</footprint>
      <libsource lib="MX_Alps_Hybrid" part="MX-NoLED" description=""/>
      <sheetpath names="/" tstamps="/"/>
      <tstamp>60DB0033</tstamp>
    </comp>
    <comp ref="D43">
      <value>SOD-123</value>
      <footprint>Diode_SMD:D_SOD-123</footprint>
      <datasheet>~</datasheet>
      <libsource lib="Device" part="D_Small" description="Diode, small symbol"/>
      <sheetpath names="/" tstamps="/"/>
      <tstamp>60DB0039</tstamp>
    </comp>
    <comp ref="MX44">
      <value>MX-NoLED</value>
      <footprint>MX_Only:MXOnly-2.25U-ReversedStabilizers-NoLED</footprint>
      <libsource lib="MX_Alps_Hybrid" part="MX-NoLED" description=""/>
      <sheetpath names="/" tstamps="/"/>
      <tstamp>60DB0040</tstamp>
    </comp>
    <comp ref="D44">
      <value>SOD-123</value>
      <footprint>Diode_SMD:D_SOD-123</footprint>
      <datasheet>~</datasheet>
      <libsource lib="Device" part="D_Small" description="Diode, small symbol"/>
      <sheetpath names="/" tstamps="/"/>
      <tstamp>60DB0046</tstamp>
    </comp>
    <comp ref="MX45">
      <value>MX-NoLED</value>
      <footprint>MX_Only:MXOnly-2.75U-ReversedStabilizers-NoLED</footprint>
      <libsource lib="MX_Alps_Hybrid" part="MX-NoLED" description=""/>
      <sheetpath names="/" tstamps="/"/>
      <tstamp>60DB004D</tstamp>
    </comp>
    <comp ref="D45">
      <value>SOD-123</value>
      <footprint>Diode_SMD:D_SOD-123</footprint>
      <datasheet>~</datasheet>
      <libsource lib="Device" part="D_Small" description="Diode, small symbol"/>
      <sheetpath names="/" tstamps="/"/>
      <tstamp>60DB0053</tstamp>
    </comp>
    <comp ref="MX46">
      <value>MX-NoLED</value>
      <footprint>MX_Only:MXOnly-1.25U-NoLED</footprint>
      <libsource lib="MX_Alps_Hybrid" part="MX-NoLED" description=""/>
      <sheetpath names="/" tstamps="/"/>
      <tstamp>60DB005A</tstamp>
    </comp>
    <comp ref="D46">
      <value>SOD-123</value>
      <footprint>Diode_SMD:D_SOD-123</footprint>
      <datasheet>~</datasheet>
      <libsource lib="Device" part="D_Small" description="Diode, small symbol"/>
      <sheetpath names="/" tstamps="/"/>
      <tstamp>60DB0060</tstamp>
    </comp>
    <comp ref="MX47">
      <value>MX-NoLED</value>
      <footprint>MX_Only:MXOnly-1.5U-NoLED</footprint>
      <libsource lib="MX_Alps_Hybrid" part="MX-NoLED" description=""/>
      <sheetpath names="/" tstamps="/"/>
      <tstamp>60DB0067</tstamp>
    </comp>
    <comp ref="D47">
      <value>SOD-123</value>
      <footprint>Diode_SMD:D_SOD-123</footprint>
      <datasheet>~</datasheet>
      <libsource lib="Device" part="D_Small" description="Diode, small symbol"/>
      <sheetpath names="/" tstamps="/"/>
      <tstamp>60DB006D</tstamp>
    </comp>
    <comp ref="MX48">
      <value>MX-NoLED</value>
      <footprint>MX_Only:MXOnly-1.25U-NoLED</footprint>
      <libsource lib="MX_Alps_Hybrid" part="MX-NoLED" description=""/>
      <sheetpath names="/" tstamps="/"/>
      <tstamp>60DB0074</tstamp>
    </comp>
    <comp ref="D48">
      <value>SOD-123</value>
      <footprint>Diode_SMD:D_SOD-123</footprint>
      <datasheet>~</datasheet>
      <libsource lib="Device" part="D_Small" description="Diode, small symbol"/>
      <sheetpath names="/" tstamps="/"/>
      <tstamp>60DB007A</tstamp>
    </comp>
    <comp ref="MX49">
      <value>MX-NoLED</value>
      <footprint>MX_Only:MXOnly-1U-NoLED</footprint>
      <libsource lib="MX_Alps_Hybrid" part="MX-NoLED" description=""/>
      <sheetpath names="/" tstamps="/"/>
      <tstamp>60DB0081</tstamp>
    </comp>
    <comp ref="D49">
      <value>SOD-123</value>
      <footprint>Diode_SMD:D_SOD-123</footprint>
      <datasheet>~</datasheet>
      <libsource lib="Device" part="D_Small" description="Diode, small symbol"/>
      <sheetpath names="/" tstamps="/"/>
      <tstamp>60DB0087</tstamp>
    </comp>
    <comp ref="R1">
      <value>10k</value>
      <footprint>Resistor_SMD:R_0805_2012Metric</footprint>
      <datasheet>~</datasheet>
      <libsource lib="Device" part="R_Small" description="Resistor, small symbol"/>
      <sheetpath names="/" tstamps="/"/>
      <tstamp>60E62BE1</tstamp>
    </comp>
    <comp ref="J2">
      <value>AVR-ISP-6</value>
      <footprint>random-keyboard-parts:Reset_Pretty-Mask</footprint>
      <datasheet> ~</datasheet>
      <libsource lib="Connector" part="AVR-ISP-6" description="Atmel 6-pin ISP connector"/>
      <sheetpath names="/" tstamps="/"/>
      <tstamp>61068286</tstamp>
    </comp>
    <comp ref="U2">
      <value>SRV05-4</value>
      <footprint>Package_TO_SOT_SMD:SOT-23-6</footprint>
      <datasheet>http://www.onsemi.com/pub/Collateral/SRV05-4-D.PDF</datasheet>
      <libsource lib="Power_Protection" part="SRV05-4" description="ESD Protection Diodes with Low Clamping Voltage, SOT-23-6"/>
      <sheetpath names="/" tstamps="/"/>
      <tstamp>614D525B</tstamp>
    </comp>
    <comp ref="F1">
      <value>500mA</value>
      <footprint>Fuse:Fuse_1206_3216Metric</footprint>
      <datasheet>~</datasheet>
      <libsource lib="Device" part="Polyfuse_Small" description="Resettable fuse, polymeric positive temperature coefficient, small symbol"/>
      <sheetpath names="/" tstamps="/"/>
      <tstamp>61583AB7</tstamp>
    </comp>
    <comp ref="D27">
      <value>SOD-123</value>
      <footprint>Diode_SMD:D_SOD-123</footprint>
      <datasheet>~</datasheet>
      <libsource lib="Device" part="D_Small" description="Diode, small symbol"/>
      <sheetpath names="/" tstamps="/"/>
      <tstamp>60D708FD</tstamp>
    </comp>
    <comp ref="D14">
      <value>SOD-123</value>
      <footprint>Diode_SMD:D_SOD-123</footprint>
      <datasheet>~</datasheet>
      <libsource lib="Device" part="D_Small" description="Diode, small symbol"/>
      <sheetpath names="/" tstamps="/"/>
      <tstamp>60CD926E</tstamp>
    </comp>
    <comp ref="MX14">
      <value>MX-NoLED</value>
      <footprint>MX_Only:MXOnly-1U-NoLED</footprint>
      <libsource lib="MX_Alps_Hybrid" part="MX-NoLED" description=""/>
      <sheetpath names="/" tstamps="/"/>
      <tstamp>60CD9268</tstamp>
    </comp>
    <comp ref="D13">
      <value>SOD-123</value>
      <footprint>Diode_SMD:D_SOD-123</footprint>
      <datasheet>~</datasheet>
      <libsource lib="Device" part="D_Small" description="Diode, small symbol"/>
      <sheetpath names="/" tstamps="/"/>
      <tstamp>60CD758E</tstamp>
    </comp>
    <comp ref="MX13">
      <value>MX-NoLED</value>
      <footprint>MX_Only:MXOnly-1U-NoLED</footprint>
      <libsource lib="MX_Alps_Hybrid" part="MX-NoLED" description=""/>
      <sheetpath names="/" tstamps="/"/>
      <tstamp>60CD7588</tstamp>
    </comp>
    <comp ref="D12">
      <value>SOD-123</value>
      <footprint>Diode_SMD:D_SOD-123</footprint>
      <datasheet>~</datasheet>
      <libsource lib="Device" part="D_Small" description="Diode, small symbol"/>
      <sheetpath names="/" tstamps="/"/>
      <tstamp>60CD5C07</tstamp>
    </comp>
    <comp ref="MX12">
      <value>MX-NoLED</value>
      <footprint>MX_Only:MXOnly-1U-NoLED</footprint>
      <libsource lib="MX_Alps_Hybrid" part="MX-NoLED" description=""/>
      <sheetpath names="/" tstamps="/"/>
      <tstamp>60CD5C01</tstamp>
    </comp>
    <comp ref="D11">
      <value>SOD-123</value>
      <footprint>Diode_SMD:D_SOD-123</footprint>
      <datasheet>~</datasheet>
      <libsource lib="Device" part="D_Small" description="Diode, small symbol"/>
      <sheetpath names="/" tstamps="/"/>
      <tstamp>60CD420D</tstamp>
    </comp>
    <comp ref="MX11">
      <value>MX-NoLED</value>
      <footprint>MX_Only:MXOnly-1U-NoLED</footprint>
      <libsource lib="MX_Alps_Hybrid" part="MX-NoLED" description=""/>
      <sheetpath names="/" tstamps="/"/>
      <tstamp>60CD4207</tstamp>
    </comp>
    <comp ref="D10">
      <value>SOD-123</value>
      <footprint>Diode_SMD:D_SOD-123</footprint>
      <datasheet>~</datasheet>
      <libsource lib="Device" part="D_Small" description="Diode, small symbol"/>
      <sheetpath names="/" tstamps="/"/>
      <tstamp>60CCDE9A</tstamp>
    </comp>
    <comp ref="MX10">
      <value>MX-NoLED</value>
      <footprint>MX_Only:MXOnly-1U-NoLED</footprint>
      <libsource lib="MX_Alps_Hybrid" part="MX-NoLED" description=""/>
      <sheetpath names="/" tstamps="/"/>
      <tstamp>60CCDE94</tstamp>
    </comp>
    <comp ref="D9">
      <value>SOD-123</value>
      <footprint>Diode_SMD:D_SOD-123</footprint>
      <datasheet>~</datasheet>
      <libsource lib="Device" part="D_Small" description="Diode, small symbol"/>
      <sheetpath names="/" tstamps="/"/>
      <tstamp>60CC9540</tstamp>
    </comp>
    <comp ref="MX9">
      <value>MX-NoLED</value>
      <footprint>MX_Only:MXOnly-1U-NoLED</footprint>
      <libsource lib="MX_Alps_Hybrid" part="MX-NoLED" description=""/>
      <sheetpath names="/" tstamps="/"/>
      <tstamp>60CC953A</tstamp>
    </comp>
    <comp ref="D8">
      <value>SOD-123</value>
      <footprint>Diode_SMD:D_SOD-123</footprint>
      <datasheet>~</datasheet>
      <libsource lib="Device" part="D_Small" description="Diode, small symbol"/>
      <sheetpath names="/" tstamps="/"/>
      <tstamp>60CC7938</tstamp>
    </comp>
    <comp ref="MX8">
      <value>MX-NoLED</value>
      <footprint>MX_Only:MXOnly-1U-NoLED</footprint>
      <libsource lib="MX_Alps_Hybrid" part="MX-NoLED" description=""/>
      <sheetpath names="/" tstamps="/"/>
      <tstamp>60CC7932</tstamp>
    </comp>
    <comp ref="D7">
      <value>SOD-123</value>
      <footprint>Diode_SMD:D_SOD-123</footprint>
      <datasheet>~</datasheet>
      <libsource lib="Device" part="D_Small" description="Diode, small symbol"/>
      <sheetpath names="/" tstamps="/"/>
      <tstamp>60CC63EB</tstamp>
    </comp>
    <comp ref="MX7">
      <value>MX-NoLED</value>
      <footprint>MX_Only:MXOnly-1U-NoLED</footprint>
      <libsource lib="MX_Alps_Hybrid" part="MX-NoLED" description=""/>
      <sheetpath names="/" tstamps="/"/>
      <tstamp>60CC63E5</tstamp>
    </comp>
    <comp ref="D6">
      <value>SOD-123</value>
      <footprint>Diode_SMD:D_SOD-123</footprint>
      <datasheet>~</datasheet>
      <libsource lib="Device" part="D_Small" description="Diode, small symbol"/>
      <sheetpath names="/" tstamps="/"/>
      <tstamp>60CC4C2D</tstamp>
    </comp>
    <comp ref="MX6">
      <value>MX-NoLED</value>
      <footprint>MX_Only:MXOnly-1U-NoLED</footprint>
      <libsource lib="MX_Alps_Hybrid" part="MX-NoLED" description=""/>
      <sheetpath names="/" tstamps="/"/>
      <tstamp>60CC4C27</tstamp>
    </comp>
    <comp ref="D5">
      <value>SOD-123</value>
      <footprint>Diode_SMD:D_SOD-123</footprint>
      <datasheet>~</datasheet>
      <libsource lib="Device" part="D_Small" description="Diode, small symbol"/>
      <sheetpath names="/" tstamps="/"/>
      <tstamp>60CC35EB</tstamp>
    </comp>
    <comp ref="MX5">
      <value>MX-NoLED</value>
      <footprint>MX_Only:MXOnly-1U-NoLED</footprint>
      <libsource lib="MX_Alps_Hybrid" part="MX-NoLED" description=""/>
      <sheetpath names="/" tstamps="/"/>
      <tstamp>60CC35E5</tstamp>
    </comp>
    <comp ref="D4">
      <value>SOD-123</value>
      <footprint>Diode_SMD:D_SOD-123</footprint>
      <datasheet>~</datasheet>
      <libsource lib="Device" part="D_Small" description="Diode, small symbol"/>
      <sheetpath names="/" tstamps="/"/>
      <tstamp>60CC1940</tstamp>
    </comp>
    <comp ref="MX4">
      <value>MX-NoLED</value>
      <footprint>MX_Only:MXOnly-1U-NoLED</footprint>
      <libsource lib="MX_Alps_Hybrid" part="MX-NoLED" description=""/>
      <sheetpath names="/" tstamps="/"/>
      <tstamp>60CC193A</tstamp>
    </comp>
    <comp ref="D3">
      <value>SOD-123</value>
      <footprint>Diode_SMD:D_SOD-123</footprint>
      <datasheet>~</datasheet>
      <libsource lib="Device" part="D_Small" description="Diode, small symbol"/>
      <sheetpath names="/" tstamps="/"/>
      <tstamp>60CC0480</tstamp>
    </comp>
    <comp ref="MX3">
      <value>MX-NoLED</value>
      <footprint>MX_Only:MXOnly-1U-NoLED</footprint>
      <libsource lib="MX_Alps_Hybrid" part="MX-NoLED" description=""/>
      <sheetpath names="/" tstamps="/"/>
      <tstamp>60CC047A</tstamp>
    </comp>
    <comp ref="D2">
      <value>SOD-123</value>
      <footprint>Diode_SMD:D_SOD-123</footprint>
      <datasheet>~</datasheet>
      <libsource lib="Device" part="D_Small" description="Diode, small symbol"/>
      <sheetpath names="/" tstamps="/"/>
      <tstamp>60CBF3FD</tstamp>
    </comp>
    <comp ref="MX2">
      <value>MX-NoLED</value>
      <footprint>MX_Only:MXOnly-1U-NoLED</footprint>
      <libsource lib="MX_Alps_Hybrid" part="MX-NoLED" description=""/>
      <sheetpath names="/" tstamps="/"/>
      <tstamp>60CBF3F7</tstamp>
    </comp>
    <comp ref="D1">
      <value>SOD-123</value>
      <footprint>Diode_SMD:D_SOD-123</footprint>
      <datasheet>~</datasheet>
      <libsource lib="Device" part="D_Small" description="Diode, small symbol"/>
      <sheetpath names="/" tstamps="/"/>
      <tstamp>60CBCDB9</tstamp>
    </comp>
    <comp ref="MX1">
      <value>MX-NoLED</value>
      <footprint>MX_Only:MXOnly-1U-NoLED</footprint>
      <libsource lib="MX_Alps_Hybrid" part="MX-NoLED" description=""/>
      <sheetpath names="/" tstamps="/"/>
      <tstamp>60CBB62E</tstamp>
    </comp>
    <comp ref="U1">
      <value>ATmega32U2-AU</value>
      <footprint>Package_QFP:TQFP-32_7x7mm_P0.8mm</footprint>
      <datasheet>http://ww1.microchip.com/downloads/en/DeviceDoc/doc7799.pdf</datasheet>
      <libsource lib="MCU_Microchip_ATmega" part="ATmega32U2-AU" description="16MHz, 32kB Flash, 1kB SRAM, 1kB EEPROM, TQFP-32"/>
      <sheetpath names="/" tstamps="/"/>
      <tstamp>60DCE1D3</tstamp>
    </comp>
  </components>
  <libparts>
    <libpart lib="Connector" part="AVR-ISP-6">
      <description>Atmel 6-pin ISP connector</description>
      <docs> ~</docs>
      <footprints>
        <fp>IDC?Header*2x03*</fp>
        <fp>Pin?Header*2x03*</fp>
      </footprints>
      <fields>
        <field name="Reference">J</field>
        <field name="Value">AVR-ISP-6</field>
      </fields>
      <pins>
        <pin num="1" name="MISO" type="passive"/>
        <pin num="2" name="VCC" type="passive"/>
        <pin num="3" name="SCK" type="passive"/>
        <pin num="4" name="MOSI" type="passive"/>
        <pin num="5" name="~RST" type="passive"/>
        <pin num="6" name="GND" type="passive"/>
      </pins>
    </libpart>
    <libpart lib="Connector_Generic" part="Conn_01x04">
      <description>Generic connector, single row, 01x04, script generated (kicad-library-utils/schlib/autogen/connector/)</description>
      <docs>~</docs>
      <footprints>
        <fp>Connector*:*_1x??_*</fp>
      </footprints>
      <fields>
        <field name="Reference">J</field>
        <field name="Value">Conn_01x04</field>
      </fields>
      <pins>
        <pin num="1" name="Pin_1" type="passive"/>
        <pin num="2" name="Pin_2" type="passive"/>
        <pin num="3" name="Pin_3" type="passive"/>
        <pin num="4" name="Pin_4" type="passive"/>
      </pins>
    </libpart>
    <libpart lib="Device" part="C_Small">
      <description>Unpolarized capacitor, small symbol</description>
      <docs>~</docs>
      <footprints>
        <fp>C_*</fp>
      </footprints>
      <fields>
        <field name="Reference">C</field>
        <field name="Value">C_Small</field>
      </fields>
      <pins>
        <pin num="1" name="~" type="passive"/>
        <pin num="2" name="~" type="passive"/>
      </pins>
    </libpart>
    <libpart lib="Device" part="Crystal_GND24_Small">
      <description>Four pin crystal, GND on pins 2 and 4, small symbol</description>
      <docs>~</docs>
      <footprints>
        <fp>Crystal*</fp>
      </footprints>
      <fields>
        <field name="Reference">Y</field>
        <field name="Value">Crystal_GND24_Small</field>
      </fields>
      <pins>
        <pin num="1" name="1" type="passive"/>
        <pin num="2" name="2" type="passive"/>
        <pin num="3" name="3" type="passive"/>
        <pin num="4" name="4" type="passive"/>
      </pins>
    </libpart>
    <libpart lib="Device" part="D_Small">
      <description>Diode, small symbol</description>
      <docs>~</docs>
      <footprints>
        <fp>TO-???*</fp>
        <fp>*_Diode_*</fp>
        <fp>*SingleDiode*</fp>
        <fp>D_*</fp>
      </footprints>
      <fields>
        <field name="Reference">D</field>
        <field name="Value">D_Small</field>
      </fields>
      <pins>
        <pin num="1" name="K" type="passive"/>
        <pin num="2" name="A" type="passive"/>
      </pins>
    </libpart>
    <libpart lib="Device" part="Polyfuse_Small">
      <description>Resettable fuse, polymeric positive temperature coefficient, small symbol</description>
      <docs>~</docs>
      <footprints>
        <fp>*polyfuse*</fp>
        <fp>*PTC*</fp>
      </footprints>
      <fields>
        <field name="Reference">F</field>
        <field name="Value">Polyfuse_Small</field>
      </fields>
      <pins>
        <pin num="1" name="~" type="passive"/>
        <pin num="2" name="~" type="passive"/>
      </pins>
    </libpart>
    <libpart lib="Device" part="R_Small">
      <description>Resistor, small symbol</description>
      <docs>~</docs>
      <footprints>
        <fp>R_*</fp>
      </footprints>
      <fields>
        <field name="Reference">R</field>
        <field name="Value">R_Small</field>
      </fields>
      <pins>
        <pin num="1" name="~" type="passive"/>
        <pin num="2" name="~" type="passive"/>
      </pins>
    </libpart>
    <libpart lib="MCU_Microchip_ATmega" part="ATmega8U2-AU">
      <aliases>
        <alias>ATmega16U2-AU</alias>
        <alias>ATmega32U2-AU</alias>
      </aliases>
      <description>16MHz, 8kB Flash, 512B SRAM, 512B EEPROM, TQFP-32</description>
      <docs>http://ww1.microchip.com/downloads/en/DeviceDoc/doc7799.pdf</docs>
      <footprints>
        <fp>TQFP*7x7mm*P0.8mm*</fp>
      </footprints>
      <fields>
        <field name="Reference">U</field>
        <field name="Value">ATmega8U2-AU</field>
        <field name="Footprint">Package_QFP:TQFP-32_7x7mm_P0.8mm</field>
      </fields>
      <pins>
        <pin num="1" name="XTAL1" type="input"/>
        <pin num="2" name="PC0/XTAL2" type="BiDi"/>
        <pin num="3" name="GND" type="power_in"/>
        <pin num="4" name="VCC" type="power_in"/>
        <pin num="5" name="PC2" type="BiDi"/>
        <pin num="6" name="PD0" type="BiDi"/>
        <pin num="7" name="PD1" type="BiDi"/>
        <pin num="8" name="PD2" type="BiDi"/>
        <pin num="9" name="PD3" type="BiDi"/>
        <pin num="10" name="PD4" type="BiDi"/>
        <pin num="11" name="PD5" type="BiDi"/>
        <pin num="12" name="PD6" type="BiDi"/>
        <pin num="13" name="~HWB~/PD7" type="BiDi"/>
        <pin num="14" name="PB0" type="BiDi"/>
        <pin num="15" name="PB1" type="BiDi"/>
        <pin num="16" name="PB2" type="BiDi"/>
        <pin num="17" name="PB3" type="BiDi"/>
        <pin num="18" name="PB4" type="BiDi"/>
        <pin num="19" name="PB5" type="BiDi"/>
        <pin num="20" name="PB6" type="BiDi"/>
        <pin num="21" name="PB7" type="BiDi"/>
        <pin num="22" name="PC7" type="BiDi"/>
        <pin num="23" name="PC6" type="BiDi"/>
        <pin num="24" name="PC1/~RESET" type="BiDi"/>
        <pin num="25" name="PC5" type="BiDi"/>
        <pin num="26" name="PC4" type="BiDi"/>
        <pin num="27" name="UCAP" type="passive"/>
        <pin num="28" name="UGND" type="power_in"/>
        <pin num="29" name="D+" type="BiDi"/>
        <pin num="30" name="D-" type="BiDi"/>
        <pin num="31" name="UVCC" type="power_in"/>
        <pin num="32" name="AVCC" type="power_in"/>
      </pins>
    </libpart>
    <libpart lib="MX_Alps_Hybrid" part="MX-NoLED">
      <fields>
        <field name="Reference">MX</field>
        <field name="Value">MX-NoLED</field>
      </fields>
      <pins>
        <pin num="1" name="COL" type="passive"/>
        <pin num="2" name="ROW" type="passive"/>
      </pins>
    </libpart>
    <libpart lib="Power_Protection" part="SRV05-4">
      <description>ESD Protection Diodes with Low Clamping Voltage, SOT-23-6</description>
      <docs>http://www.onsemi.com/pub/Collateral/SRV05-4-D.PDF</docs>
      <footprints>
        <fp>SOT?23*</fp>
      </footprints>
      <fields>
        <field name="Reference">U</field>
        <field name="Value">SRV05-4</field>
        <field name="Footprint">Package_TO_SOT_SMD:SOT-23-6</field>
      </fields>
      <pins>
        <pin num="1" name="IO1" type="passive"/>
        <pin num="2" name="VN" type="passive"/>
        <pin num="3" name="IO2" type="passive"/>
        <pin num="4" name="IO3" type="passive"/>
        <pin num="5" name="VP" type="passive"/>
        <pin num="6" name="IO4" type="passive"/>
      </pins>
    </libpart>
    <libpart lib="Switch" part="SW_Push">
      <description>Push button switch, generic, two pins</description>
      <docs>~</docs>
      <fields>
        <field name="Reference">SW</field>
        <field name="Value">SW_Push</field>
      </fields>
      <pins>
        <pin num="1" name="1" type="passive"/>
        <pin num="2" name="2" type="passive"/>
      </pins>
    </libpart>
  </libparts>
  <libraries>
    <library logical="Connector">
      <uri>/usr/share/kicad/library/Connector.lib</uri>
    </library>
    <library logical="Connector_Generic">
      <uri>/usr/share/kicad/library/Connector_Generic.lib</uri>
    </library>
    <library logical="Device">
      <uri>/usr/share/kicad/library/Device.lib</uri>
    </library>
    <library logical="MCU_Microchip_ATmega">
      <uri>/usr/share/kicad/library/MCU_Microchip_ATmega.lib</uri>
    </library>
    <library logical="MX_Alps_Hybrid">
      <uri>/mnt/HDD/Backups/Documents/Projects/bakeneko40/pcb/qfp/MX_Alps_Hybrid/Schematic Library/MX_Alps_Hybrid.lib</uri>
    </library>
    <library logical="Power_Protection">
      <uri>/usr/share/kicad/library/Power_Protection.lib</uri>
    </library>
    <library logical="Switch">
      <uri>/usr/share/kicad/library/Switch.lib</uri>
    </library>
  </libraries>
  <nets>
    <net code="1" name="Net-(D7-Pad2)">
      <node ref="D7" pin="2"/>
      <node ref="MX7" pin="2"/>
    </net>
    <net code="2" name="Net-(D9-Pad2)">
      <node ref="MX9" pin="2"/>
      <node ref="D9" pin="2"/>
    </net>
    <net code="3" name="Net-(D8-Pad2)">
      <node ref="MX8" pin="2"/>
      <node ref="D8" pin="2"/>
    </net>
    <net code="4" name="Net-(D6-Pad2)">
      <node ref="D6" pin="2"/>
      <node ref="MX6" pin="2"/>
    </net>
    <net code="5" name="Net-(D5-Pad2)">
      <node ref="D5" pin="2"/>
      <node ref="MX5" pin="2"/>
    </net>
    <net code="6" name="Net-(D12-Pad2)">
      <node ref="MX12" pin="2"/>
      <node ref="D12" pin="2"/>
    </net>
    <net code="7" name="Net-(D13-Pad2)">
      <node ref="D13" pin="2"/>
      <node ref="MX13" pin="2"/>
    </net>
    <net code="8" name="Net-(D11-Pad2)">
      <node ref="D11" pin="2"/>
      <node ref="MX11" pin="2"/>
    </net>
    <net code="9" name="Net-(D10-Pad2)">
      <node ref="D10" pin="2"/>
      <node ref="MX10" pin="2"/>
    </net>
    <net code="10" name="Net-(D4-Pad2)">
      <node ref="MX4" pin="2"/>
      <node ref="D4" pin="2"/>
    </net>
    <net code="11" name="Net-(D3-Pad2)">
      <node ref="MX3" pin="2"/>
      <node ref="D3" pin="2"/>
    </net>
    <net code="12" name="Net-(D2-Pad2)">
      <node ref="MX2" pin="2"/>
      <node ref="D2" pin="2"/>
    </net>
    <net code="13" name="Net-(D1-Pad2)">
      <node ref="MX1" pin="2"/>
      <node ref="D1" pin="2"/>
    </net>
    <net code="14" name="Net-(R1-Pad2)">
      <node ref="R1" pin="2"/>
      <node ref="U1" pin="13"/>
    </net>
    <net code="15" name="COL6">
      <node ref="MX11" pin="1"/>
      <node ref="MX26" pin="1"/>
      <node ref="MX25" pin="1"/>
      <node ref="MX47" pin="1"/>
      <node ref="MX39" pin="1"/>
      <node ref="U1" pin="10"/>
      <node ref="MX12" pin="1"/>
      <node ref="MX48" pin="1"/>
      <node ref="MX38" pin="1"/>
    </net>
    <net code="16" name="COL2">
      <node ref="MX31" pin="1"/>
      <node ref="MX4" pin="1"/>
      <node ref="MX17" pin="1"/>
      <node ref="MX3" pin="1"/>
      <node ref="MX18" pin="1"/>
      <node ref="U1" pin="7"/>
      <node ref="MX30" pin="1"/>
      <node ref="MX43" pin="1"/>
    </net>
    <net code="17" name="ROW4">
      <node ref="D22" pin="1"/>
      <node ref="D20" pin="1"/>
      <node ref="D16" pin="1"/>
      <node ref="D18" pin="1"/>
      <node ref="U1" pin="26"/>
      <node ref="D24" pin="1"/>
      <node ref="D26" pin="1"/>
    </net>
    <net code="18" name="Net-(U1-Pad5)">
      <node ref="U1" pin="5"/>
    </net>
    <net code="19" name="Net-(U1-Pad6)">
      <node ref="U1" pin="6"/>
    </net>
    <net code="20" name="ROW3">
      <node ref="D27" pin="1"/>
      <node ref="D21" pin="1"/>
      <node ref="D19" pin="1"/>
      <node ref="D23" pin="1"/>
      <node ref="U1" pin="25"/>
      <node ref="D15" pin="1"/>
      <node ref="D17" pin="1"/>
      <node ref="D25" pin="1"/>
    </net>
    <net code="21" name="ROW6">
      <node ref="D31" pin="1"/>
      <node ref="D29" pin="1"/>
      <node ref="U1" pin="8"/>
      <node ref="D33" pin="1"/>
      <node ref="D37" pin="1"/>
      <node ref="D35" pin="1"/>
      <node ref="D39" pin="1"/>
    </net>
    <net code="22" name="COL1">
      <node ref="MX15" pin="1"/>
      <node ref="MX16" pin="1"/>
      <node ref="MX29" pin="1"/>
      <node ref="U1" pin="15"/>
      <node ref="MX41" pin="1"/>
      <node ref="MX42" pin="1"/>
      <node ref="MX2" pin="1"/>
      <node ref="MX28" pin="1"/>
      <node ref="MX1" pin="1"/>
    </net>
    <net code="23" name="COL5">
      <node ref="U1" pin="11"/>
      <node ref="MX37" pin="1"/>
      <node ref="MX36" pin="1"/>
      <node ref="MX23" pin="1"/>
      <node ref="MX9" pin="1"/>
      <node ref="MX24" pin="1"/>
      <node ref="MX46" pin="1"/>
      <node ref="MX10" pin="1"/>
    </net>
    <net code="24" name="COL4">
      <node ref="MX45" pin="1"/>
      <node ref="U1" pin="12"/>
      <node ref="MX21" pin="1"/>
      <node ref="MX7" pin="1"/>
      <node ref="MX34" pin="1"/>
      <node ref="MX8" pin="1"/>
      <node ref="MX35" pin="1"/>
      <node ref="MX22" pin="1"/>
    </net>
    <net code="25" name="COL3">
      <node ref="MX6" pin="1"/>
      <node ref="MX5" pin="1"/>
      <node ref="MX44" pin="1"/>
      <node ref="MX32" pin="1"/>
      <node ref="MX33" pin="1"/>
      <node ref="MX19" pin="1"/>
      <node ref="MX20" pin="1"/>
      <node ref="U1" pin="14"/>
    </net>
    <net code="26" name="ROW8">
      <node ref="D42" pin="1"/>
      <node ref="D46" pin="1"/>
      <node ref="D44" pin="1"/>
      <node ref="U1" pin="16"/>
      <node ref="D48" pin="1"/>
    </net>
    <net code="27" name="ROW7">
      <node ref="D43" pin="1"/>
      <node ref="D45" pin="1"/>
      <node ref="D41" pin="1"/>
      <node ref="D49" pin="1"/>
      <node ref="U1" pin="17"/>
      <node ref="D47" pin="1"/>
    </net>
    <net code="28" name="ROW5">
      <node ref="D40" pin="1"/>
      <node ref="D38" pin="1"/>
      <node ref="D28" pin="1"/>
      <node ref="D34" pin="1"/>
      <node ref="D32" pin="1"/>
      <node ref="D30" pin="1"/>
      <node ref="D36" pin="1"/>
      <node ref="U1" pin="18"/>
    </net>
    <net code="29" name="SCK">
      <node ref="U1" pin="19"/>
      <node ref="J2" pin="3"/>
    </net>
    <net code="30" name="MOSI">
      <node ref="U1" pin="20"/>
      <node ref="J2" pin="4"/>
    </net>
    <net code="31" name="MISO">
      <node ref="U1" pin="21"/>
      <node ref="J2" pin="1"/>
    </net>
    <net code="32" name="ROW2">
      <node ref="D2" pin="1"/>
      <node ref="D14" pin="1"/>
      <node ref="D4" pin="1"/>
      <node ref="U1" pin="22"/>
      <node ref="D8" pin="1"/>
      <node ref="D6" pin="1"/>
      <node ref="D12" pin="1"/>
      <node ref="D10" pin="1"/>
    </net>
    <net code="33" name="ROW1">
      <node ref="D5" pin="1"/>
      <node ref="D7" pin="1"/>
      <node ref="D9" pin="1"/>
      <node ref="U1" pin="23"/>
      <node ref="D3" pin="1"/>
      <node ref="D1" pin="1"/>
      <node ref="D11" pin="1"/>
      <node ref="D13" pin="1"/>
    </net>
    <net code="34" name="COL7">
      <node ref="MX27" pin="1"/>
      <node ref="MX49" pin="1"/>
      <node ref="MX14" pin="1"/>
      <node ref="MX40" pin="1"/>
      <node ref="MX13" pin="1"/>
      <node ref="U1" pin="9"/>
    </net>
    <net code="35" name="Net-(R2-Pad1)">
      <node ref="U1" pin="29"/>
      <node ref="R2" pin="1"/>
    </net>
    <net code="36" name="Net-(R3-Pad1)">
      <node ref="R3" pin="1"/>
      <node ref="U1" pin="30"/>
    </net>
    <net code="37" name="Net-(D14-Pad2)">
      <node ref="D14" pin="2"/>
      <node ref="MX14" pin="2"/>
    </net>
    <net code="38" name="Net-(D19-Pad2)">
      <node ref="D19" pin="2"/>
      <node ref="MX19" pin="2"/>
    </net>
    <net code="39" name="Net-(D20-Pad2)">
      <node ref="MX20" pin="2"/>
      <node ref="D20" pin="2"/>
    </net>
    <net code="40" name="Net-(D21-Pad2)">
      <node ref="D21" pin="2"/>
      <node ref="MX21" pin="2"/>
    </net>
    <net code="41" name="Net-(D22-Pad2)">
      <node ref="MX22" pin="2"/>
      <node ref="D22" pin="2"/>
    </net>
    <net code="42" name="Net-(D23-Pad2)">
      <node ref="D23" pin="2"/>
      <node ref="MX23" pin="2"/>
    </net>
    <net code="43" name="Net-(D16-Pad2)">
      <node ref="D16" pin="2"/>
      <node ref="MX16" pin="2"/>
    </net>
    <net code="44" name="GND">
      <node ref="SW1" pin="1"/>
      <node ref="J1" pin="4"/>
      <node ref="C6" pin="2"/>
      <node ref="U2" pin="2"/>
      <node ref="U1" pin="28"/>
      <node ref="U1" pin="3"/>
      <node ref="J2" pin="6"/>
      <node ref="C7" pin="2"/>
      <node ref="R1" pin="1"/>
      <node ref="Y1" pin="2"/>
      <node ref="C2" pin="2"/>
      <node ref="C5" pin="2"/>
      <node ref="C4" pin="2"/>
      <node ref="C3" pin="2"/>
      <node ref="C1" pin="2"/>
      <node ref="Y1" pin="4"/>
    </net>
    <net code="45" name="Net-(D15-Pad2)">
      <node ref="D15" pin="2"/>
      <node ref="MX15" pin="2"/>
    </net>
    <net code="46" name="Net-(D17-Pad2)">
      <node ref="MX17" pin="2"/>
      <node ref="D17" pin="2"/>
    </net>
    <net code="47" name="Net-(D18-Pad2)">
      <node ref="MX18" pin="2"/>
      <node ref="D18" pin="2"/>
    </net>
    <net code="48" name="Net-(D29-Pad2)">
      <node ref="D29" pin="2"/>
      <node ref="MX29" pin="2"/>
    </net>
    <net code="49" name="Net-(D30-Pad2)">
      <node ref="D30" pin="2"/>
      <node ref="MX30" pin="2"/>
    </net>
    <net code="50" name="Net-(D28-Pad2)">
      <node ref="MX28" pin="2"/>
      <node ref="D28" pin="2"/>
    </net>
    <net code="51" name="Net-(D31-Pad2)">
      <node ref="D31" pin="2"/>
      <node ref="MX31" pin="2"/>
    </net>
    <net code="52" name="Net-(D32-Pad2)">
      <node ref="MX32" pin="2"/>
      <node ref="D32" pin="2"/>
    </net>
    <net code="53" name="Net-(D24-Pad2)">
      <node ref="D24" pin="2"/>
      <node ref="MX24" pin="2"/>
    </net>
    <net code="54" name="Net-(D25-Pad2)">
      <node ref="MX25" pin="2"/>
      <node ref="D25" pin="2"/>
    </net>
    <net code="55" name="Net-(D26-Pad2)">
      <node ref="D26" pin="2"/>
      <node ref="MX26" pin="2"/>
    </net>
    <net code="56" name="Net-(D27-Pad2)">
      <node ref="MX27" pin="2"/>
      <node ref="D27" pin="2"/>
    </net>
    <net code="57" name="D+">
      <node ref="J1" pin="3"/>
      <node ref="U2" pin="1"/>
      <node ref="R2" pin="2"/>
    </net>
    <net code="58" name="D-">
      <node ref="J1" pin="2"/>
      <node ref="R3" pin="2"/>
      <node ref="U2" pin="6"/>
    </net>
    <net code="59" name="Net-(C1-Pad1)">
      <node ref="U1" pin="27"/>
      <node ref="C1" pin="1"/>
    </net>
    <net code="60" name="Net-(C6-Pad1)">
      <node ref="Y1" pin="1"/>
      <node ref="U1" pin="1"/>
      <node ref="C6" pin="1"/>
    </net>
    <net code="61" name="+5V">
      <node ref="C3" pin="1"/>
      <node ref="U1" pin="4"/>
      <node ref="C5" pin="1"/>
      <node ref="C4" pin="1"/>
      <node ref="C2" pin="1"/>
      <node ref="R4" pin="1"/>
      <node ref="U1" pin="31"/>
      <node ref="J2" pin="2"/>
      <node ref="F1" pin="1"/>
      <node ref="U1" pin="32"/>
    </net>
    <net code="62" name="Net-(J2-Pad5)">
      <node ref="U1" pin="24"/>
      <node ref="J2" pin="5"/>
      <node ref="SW1" pin="2"/>
      <node ref="R4" pin="2"/>
    </net>
    <net code="63" name="VBUS">
      <node ref="J1" pin="1"/>
      <node ref="U2" pin="5"/>
      <node ref="F1" pin="2"/>
    </net>
    <net code="64" name="Net-(C7-Pad1)">
      <node ref="Y1" pin="3"/>
      <node ref="C7" pin="1"/>
      <node ref="U1" pin="2"/>
    </net>
    <net code="65" name="Net-(U2-Pad3)">
      <node ref="U2" pin="3"/>
    </net>
    <net code="66" name="Net-(U2-Pad4)">
      <node ref="U2" pin="4"/>
    </net>
    <net code="67" name="Net-(D38-Pad2)">
      <node ref="D38" pin="2"/>
      <node ref="MX38" pin="2"/>
    </net>
    <net code="68" name="Net-(D39-Pad2)">
      <node ref="MX39" pin="2"/>
      <node ref="D39" pin="2"/>
    </net>
    <net code="69" name="Net-(D40-Pad2)">
      <node ref="D40" pin="2"/>
      <node ref="MX40" pin="2"/>
    </net>
    <net code="70" name="Net-(D41-Pad2)">
      <node ref="MX41" pin="2"/>
      <node ref="D41" pin="2"/>
    </net>
    <net code="71" name="Net-(D35-Pad2)">
      <node ref="MX35" pin="2"/>
      <node ref="D35" pin="2"/>
    </net>
    <net code="72" name="Net-(D33-Pad2)">
      <node ref="D33" pin="2"/>
      <node ref="MX33" pin="2"/>
    </net>
    <net code="73" name="Net-(D34-Pad2)">
      <node ref="MX34" pin="2"/>
      <node ref="D34" pin="2"/>
    </net>
    <net code="74" name="Net-(D42-Pad2)">
      <node ref="MX42" pin="2"/>
      <node ref="D42" pin="2"/>
    </net>
    <net code="75" name="Net-(D36-Pad2)">
      <node ref="MX36" pin="2"/>
      <node ref="D36" pin="2"/>
    </net>
    <net code="76" name="Net-(D37-Pad2)">
      <node ref="D37" pin="2"/>
      <node ref="MX37" pin="2"/>
    </net>
    <net code="77" name="Net-(D47-Pad2)">
      <node ref="D47" pin="2"/>
      <node ref="MX47" pin="2"/>
    </net>
    <net code="78" name="Net-(D48-Pad2)">
      <node ref="MX48" pin="2"/>
      <node ref="D48" pin="2"/>
    </net>
    <net code="79" name="Net-(D49-Pad2)">
      <node ref="MX49" pin="2"/>
      <node ref="D49" pin="2"/>
    </net>
    <net code="80" name="Net-(D43-Pad2)">
      <node ref="D43" pin="2"/>
      <node ref="MX43" pin="2"/>
    </net>
    <net code="81" name="Net-(D44-Pad2)">
      <node ref="D44" pin="2"/>
      <node ref="MX44" pin="2"/>
    </net>
    <net code="82" name="Net-(D45-Pad2)">
      <node ref="MX45" pin="2"/>
      <node ref="D45" pin="2"/>
    </net>
    <net code="83" name="Net-(D46-Pad2)">
      <node ref="MX46" pin="2"/>
      <node ref="D46" pin="2"/>
    </net>
  </nets>
</export>
